Comment,Designator,Footprint,LCSC
10k,"RV1,RV2,RV3,RV4",TRIM_3362P-1-103,C118956
0Ω,"R11,R13,R14,R17,R25,R27,R28,R3,R31,R39,R41,R42,R45,R53,R55,R56",R_0402_1005Metric,C17168
4.7µF,"C1,C3,C5,C7",C_0603_1608Metric,C19666
100Ω,"R1,R15,R20,R29,R34,R43,R48,R6",R_0603_1608Metric,C22775
20Ω,"R22,R36,R50,R8",R_0603_1608Metric,C22950
51Ω,"R18,R32,R4,R46",R_0603_1608Metric,C23197
100kΩ,"R10,R24,R38,R52",R_0603_1608Metric,C25803
10kΩ,"R12,R26,R40,R54",R_0603_1608Metric,C25804
47kΩ,"R16,R2,R30,R44",R_0603_1608Metric,C25819
SFH 4544,"D1,D2,D3,D4",LED_D5.0mm_Horizontal_O1.27mm_Z3.0mm_IRGrey,C2900370
100nF,"C10,C11,C12,C2,C4,C6,C8,C9",C_0402_1005Metric,C307331
1uF,"C13,C14",C_0402_1005Metric,C52923
MCP6002T-I/SN,"U1,U2",SOIC-8_3.9x4.9mm_P1.27mm,C7377
2N7002,"Q1,Q2,Q3,Q4",SOT-23,C8545
PD333-3B/H0/L2,"P1,P2,P3,P4",LED_D5.0mm_Horizontal_O1.27mm_Z3.0mm,C95399
